<?xml version="1.1" encoding="UTF-8" standalone="yes"?>
<addon id="plugin.video.EKC-MARBLE" name="EKC-MARBLE" version="0.1.0" provider-name="EKC">
  <requires>
    <import addon="xbmc.python" version="2.1.0"/>
	<import addon="script.module.requests" />
  </requires>
  <extension point="xbmc.python.pluginsource"
            library="default.py">
        <provides>video</provides>
  </extension>
  <extension point="xbmc.addon.metadata">
    <summary lang="en">EKC-MARBLE</summary>
    <language>en</language>
    <description lang="en">VOD</description>
     <platform>all</platform>
  </extension>
</addon>
